{"latitude_min": 40.644824981689446, "latitude_max": 40.83675003051758, "longitude_min": -74.01724243164062, "longitude_max": -73.7822265625}